书名,图书链接,评分,评价,作者,出版社,出品方,原作名,译者,出版年,页数,定价,装帧,丛书,ISBN
红楼梦,https://book.douban.com/subject/1007305/,9.6,都云作者痴，谁解其中味？,[清]曹雪芹著/高鹗续,人民文学出版社,,,,1996年12月,1606,59.70元,平装,中国古典文学读本丛书,9787020002207 
活着,https://book.douban.com/subject/4913064/,9.4,生的苦难与伟大,余华,作家出版社,,,,2012年8月,191,20.00元,平装,余华作品（2012版）,9787506365437 
1984,https://book.douban.com/subject/4820710/,9.3,栗树荫下，我出卖你，你出卖我,[英]乔治·奥威尔,北京十月文艺出版社,新经典文化,NineteenEighty-Four,刘绍铭,2010年4月,304,28,精装,新经典文库：桂冠文丛,9787530210291 
百年孤独,https://book.douban.com/subject/6082808/,9.2,魔幻现实主义文学代表作,[哥伦比亚]加西亚·马尔克斯,南海出版公司,新经典文化,Cienañosdesoledad,范晔,2011年6月,360,39.50元,精装,新经典文库：加西亚·马尔克斯作品,9787544253994 
飘,https://book.douban.com/subject/1068920/,9.3,革命时期的爱情，随风而逝,[美]玛格丽特·米切尔,译林出版社,,GonewiththeWind,李美华,2000年9月,1235,40.00元,精装,,9787806570920 
三体全集,https://book.douban.com/subject/6518605/,9.4,地球往事三部曲,刘慈欣,重庆出版社,科幻世界,,,2012年1月,1285,168.00元,精装,科幻世界·中国科幻基石丛书,9787229042066 
三国演义（全二册）,https://book.douban.com/subject/1019568/,9.3,是非成败转头空,罗贯中,人民文学出版社,,,,1998年5月,990,39.50元,平装,中国古典文学读本丛书,9787020008728 
房思琪的初恋乐园,https://book.douban.com/subject/27614904/,9.2,向死而生的文学绝唱,林奕含,北京联合出版公司,磨铁图书,,,2018年1月,272,45.00元,平装,,9787559614636 
白夜行,https://book.douban.com/subject/10554308/,9.1,一宗离奇命案牵出跨度近20年步步惊心的故事,[日]东野圭吾,南海出版公司,新经典文化,,刘姿君,2013年1月,538,39.50元,精装,新经典文库·东野圭吾作品,9787544258609 
动物农场,https://book.douban.com/subject/2035179/,9.2,太阳底下并无新事,[英]乔治·奥威尔,上海译文出版社,,AnimalFarm,荣如德,2007年3月,119,10.00元,平装,译文名著文库,9787532741854 
福尔摩斯探案全集（上中下）,https://book.douban.com/subject/1040211/,9.3,名侦探的代名词,[英]阿瑟·柯南·道尔,群众出版社,,,丁钟华等,1981年8月,531；706；583,53.00元/68.00元,平装/精装,,9787501408580 
小王子,https://book.douban.com/subject/1084336/,9,献给长成了大人的孩子们,[法]安东尼·德·圣-埃克苏佩里,人民文学出版社,,LePetitPrince,马振聘,2003年8月,97,22.00元,平装,,9787020042494 
天龙八部,https://book.douban.com/subject/1255625/,9.1,有情皆孽，无人不冤,金庸,生活.读书.新知三联书店,,,,1994年5月,1978,96,平装,金庸作品集（三联版）,9787108006721 
撒哈拉的故事,https://book.douban.com/subject/1060068/,9.2,游荡的自由灵魂,三毛,哈尔滨出版社,华文天下,,,2003年8月,217,15.80元,平装,三毛全集（华文天下2003版）,9787806398791 
安徒生童话故事集,https://book.douban.com/subject/1046209/,9.2,为了争取未来的一代,（丹麦）安徒生,人民文学出版社,,,叶君健,1997年8月,550,25.00元,精装,世界文学名著文库,9787020017713 
哈利•波特,https://book.douban.com/subject/24531956/,9.7,从9¾站台开始的旅程,J.K.罗琳(J.K.Rowling),人民文学出版社,,HarryPotter,苏农/马爱农/马爱新,2008年12月,3104,498.00元,精装,,9787020096695 
沉默的大多数,https://book.douban.com/subject/1054685/,9.1,沉默是沉默者的通行证,王小波,中国青年出版社,,,,1997年10月,555,27.00元,平装,王小波作品系列,9787500627098 
冰与火之歌（卷一）,https://book.douban.com/subject/1336330/,9.3,凛冬将至。无比宏大的世界观,[美]乔治·R·R·马丁,重庆出版社,,AGameofThrones,谭光磊/屈畅,2005年5月,758,68.00元,平装,独角兽书系,9787536671256 
杀死一只知更鸟,https://book.douban.com/subject/6781808/,9.2,有一种东西不能遵循从众原则，那就是——人的良心,[美]哈珀·李,译林出版社,,ToKillaMockingBird,高红梅,2012年9月,346,32.00元,精装,译林纪念版,9787544722766 
人类简史,https://book.douban.com/subject/25985021/,9.1,跟着人类一同走过十万年,[以色列]尤瓦尔·赫拉利,中信出版社,见识城邦,Abriefhistoryofhumankind,林俊宏,2014年11月,440,CNY68.00,平装,“中信史学大师畅销经典”系列,9787508647357 
围城,https://book.douban.com/subject/1008145/,8.9,幽默的语言和对生活深刻的观察,钱钟书,人民文学出版社,,,,1991年2月,359,19,平装,,9787020024759 
平凡的世界（全三部）,https://book.douban.com/subject/1200840/,9,中国当代城乡生活全景,路遥,人民文学出版社,,,,2005年1月,1631,64.00元,平装,茅盾文学奖获奖作品全集,9787020049295 
局外人,https://book.douban.com/subject/4908885/,9,人生在世，永远也不该演戏作假,[法]阿尔贝·加缪,上海译文出版社,,L'Etranger,柳鸣九,2010年8月,128,22.00元,精装,译文经典（精装本）,9787532751471 
霍乱时期的爱情,https://book.douban.com/subject/10594787/,9,义无反顾地直达爱情的核心,[哥伦比亚]加西亚·马尔克斯,南海出版公司,新经典文化,Elamorenlostiemposdelcólera,杨玲,2012年9月,401,39.50元,精装,新经典文库：加西亚·马尔克斯作品,9787544258975 
明朝那些事儿（1-9）,https://book.douban.com/subject/3674537/,9.1,不拘一格的历史书写,当年明月,中国海关出版社,,,,2009年4月,,358.20元,精装16开,,9787801656087 
笑傲江湖（全四册）,https://book.douban.com/subject/1002299/,9,欲练此功，必先自宫,金庸,生活·读书·新知三联书店,,,,1994年5月,1599,76.80元,平装,金庸作品集（三联版）,9787108006639 
月亮和六便士,https://book.douban.com/subject/1858513/,9,有多少人会经历顿悟，就有更少的人甘愿自我放逐,[英]威廉·萨默塞特·毛姆,上海译文出版社,,TheMoonandSixpence,傅惟慈,2006年8月,275,15.00元,平装,译文名著文库,9787532739547 
中国历代政治得失,https://book.douban.com/subject/1003479/,9.2,一部简明的“中国政治制度史”,钱穆,生活·读书·新知三联书店,,,,1905年6月,178,12.00元,平装,钱穆作品系列,9787108015280 
肖申克的救赎,https://book.douban.com/subject/1829226/,9.1,豆瓣电影Top1原著,[美]斯蒂芬·金,人民文学出版社,99读书人,DifferentSeasons,施寄青/赵永芬/齐若兰,2006年7月,466,29.90元,平装,斯蒂芬·金作品：人文版,9787020054985 
基督山伯爵,https://book.douban.com/subject/1085860/,9,一个报恩复仇的故事，以法国波旁王朝和七月王朝为背景,[法]大仲马,上海译文出版社,,LeComtedeMonte-Cristo,周克希/韩沪麟,1991年12月,1453,43.90元,精装,,9787532712243 
东方快车谋杀案,https://book.douban.com/subject/1827374/,9,谋杀诡计惊人，波洛的抉择耐人寻味,[英]阿加莎·克里斯蒂,人民文学出版社,99读书人,MurderontheOrientExpress,陈尧光,2006年5月,254,18.00元,平装,阿加莎·克里斯蒂侦探推理系列,9787020056309 
追风筝的人,https://book.douban.com/subject/1770782/,8.9,为你，千千万万遍,[美]卡勒德·胡赛尼,上海人民出版社,世纪文景,TheKiteRunner,李继宏,2006年5月,362,29.00元,平装,卡勒德·胡赛尼作品,9787208061644 
万历十五年,https://book.douban.com/subject/1041482/,8.9,见微知著，历史观的颠覆,[美]黄仁宇,生活·读书·新知三联书店,,,,1997年5月,320,18.00元,平装,黄仁宇作品系列,9787108009821 
新名字的故事,https://book.douban.com/subject/26986954/,9,探索青年时代的激情、困惑、挣扎、背叛和失去,[意]埃莱娜·费兰特,人民文学出版社,99读书人,Storiadelnuovocognome,陈英,2017年4月,492,59.00元,平装,那不勒斯四部曲,9787020125265 
江城,https://book.douban.com/subject/7060185/,9.1,外国人眼中的涪陵,[美]彼得·海斯勒,上海译文出版社,,RiverTown,李雪顺,2012年1月,446,36.00元,平装,译文纪实,9787532756728 
失踪的孩子,https://book.douban.com/subject/30172069/,9.1,我的整个生命，只是一场为了提升社会地位的低俗斗争。,[意]埃莱娜·费兰特,人民文学出版社,99读书人,Storiadellabambinaperduta,陈英,2018年7月,480,62.00元,平装,那不勒斯四部曲,9787020139927 
呐喊,https://book.douban.com/subject/1449351/,8.9,新文学的第一声呐喊,鲁迅,人民文学出版社,,,,1973年3月,160,0.36元,平装,鲁迅作品集,
嫌疑人X的献身,https://book.douban.com/subject/3211779/,8.9,数学好是一种极致的浪漫,[日]东野圭吾,南海出版公司,新经典文化,容疑者Xの献身,刘子倩,2008年9月,251,28,精装,新经典文库·东野圭吾作品,9787544241694 
刀锋,https://book.douban.com/subject/2035162/,9,一把刀的锋刃不容易越过；因此智者说得救之道是困难的,[英]毛姆,上海译文出版社,,TheRazor'sEdge,周煦良,2007年3月,318,18.00元,平装,译文名著文库,9787532741922 
乡土中国,https://book.douban.com/subject/1795079/,9.2,中国乡土社会传统文化和社会结构理论研究代表作,费孝通,上海人民出版社,,,,2006年4月,426,38,平装,名家名著·文化史,9787208062153 
寻路中国,https://book.douban.com/subject/5414391/,9,《纽约客》驻北京记者驾车漫游中国大陆的经历,[美]彼得·海斯勒,上海译文出版社,,,李雪顺,2011年1月,426,33.00元,平装,译文纪实,9787532752805 
射雕英雄传（全四册）,https://book.douban.com/subject/1044547/,9,侠之大者，为国为民,金庸,生活·读书·新知三联书店,,,,1999年4月,1263,47.00元,平装,金庸作品集（三联口袋本）,9787108012586 
城南旧事,https://book.douban.com/subject/1254588/,9,长亭外，古道边，芳草碧连天,关维兴图/林海音,中国青年出版社,,,,2003年7月,198,16.00元,平装,现当代文学名著系列,9787500652045 
我与地坛,https://book.douban.com/subject/1209899/,9.1,这是你的罪孽与福祉,史铁生,春风文艺出版社,,,,2002年5月,399,25.00元,平装,新经典文库,9787531324362 
白鹿原,https://book.douban.com/subject/10564071/,9.2,一轴关于我们民族灵魂的现实主义画卷,陈忠实,人民文学出版社,,,,2012年9月,697,39.00元,精装,,9787020090297 
傲慢与偏见,https://book.douban.com/subject/1083428/,8.9,所有现代言情小说的母体,[英]简·奥斯汀,人民文学出版社,,PrideandPrejudice,张玲/张扬,1993年7月,310,13.00元,平装,名著名译插图本,9787020040179 
格林童话全集,https://book.douban.com/subject/1043008/,9,一本有教育意义的书,[德国]格林兄弟,人民文学出版社,,Kinder-undHausmärchen,魏以新,1994年11月,625,21.45元,精装,世界文学名著文库,9787020019526 
黄金时代,https://book.douban.com/subject/1089243/,8.9,我想爱，想吃，还想在一瞬间变成天上半明半暗的云,王小波,花城出版社,,,,1999年3月,375,19.00元,平装,王小波《时代三部曲》,9787536025080 
无人生还,https://book.douban.com/subject/3006581/,8.9,童谣杀人案,[英]阿加莎·克里斯蒂,人民文学出版社,99读书人,AndThenThereWereNone,祁阿红,2008年3月,254,19,平装,阿加莎·克里斯蒂侦探推理系列,9787020065394 
文学回忆录,https://book.douban.com/subject/20440644/,9.1,木心留给世界的礼物,木心口述/陈丹青笔录,广西师范大学出版社,理想国,,,2013年1月,1102,98.00元,精装,理想国·木心作品,9787549530816 
历史深处的忧虑,https://book.douban.com/subject/1027191/,9,窥见美国社会的一扇窗,林达,生活·读书·新知三联书店,,,,1997年5月,320,19.00元,平装,林达作品系列,9787108010186 
艺术的故事,https://book.douban.com/subject/3162991/,9.6,从最早的洞窟绘画到当今的实验艺术,[英]贡布里希,广西美术出版社,,TheStoryofArt,范景中/杨成凯,2008年4月,688,280,平装,贡布里希文集,9787807463726 
神雕侠侣,https://book.douban.com/subject/1255624/,8.9,至情至性，情大于武,金庸,生活·读书·新知三联书店,,神鵰俠侶,有1996年11月北平第4次印本,1994年5月,1564,76.80元,平装,金庸作品集（三联版）,9787108006660 
悲惨世界（上中下）,https://book.douban.com/subject/1205054/,9,现实主义与浪漫主义的至高杰作,[法]维克多·雨果,人民文学出版社,,LesMisérables,李丹/方于,1992年6月,1760,66.00元,平装,外国古典文学名著选粹,9787020017164 
史记（全十册）,https://book.douban.com/subject/1077847/,9.5,史家之绝唱，无韵之离骚,司马迁/张守节,中华书局,,,（索隐）司马贞，（正义）张守节,1982年11月,3356,125,平装,点校本二十四史·清史稿,9787101003048 
许三观卖血记,https://book.douban.com/subject/1029791/,8.8,以博大的温情描绘磨难中的人生,余华,南海出版公司,,,,1998年9月,269,16.80元,平装,余华作品,9787544211765 
上帝掷骰子吗,https://book.douban.com/subject/1467022/,9.2,量子物理史话,曹天元,辽宁教育出版社,磨铁图书,,,2006年1月,369,32.00元,平装,,9787538276374 
卡拉马佐夫兄弟,https://book.douban.com/subject/1856494/,9.4,错综复杂的社会、家庭矛盾和人性悲剧,[俄]费奥多尔·陀思妥耶夫斯基,上海译文出版社,,Бра́тьяКарама́зовы,荣如德,2006年8月,847,25.00元,平装,译文名著文库,9787532740086 
树上的男爵,https://book.douban.com/subject/6789605/,9.1,是不是真的只有先与人疏离，才能最终与他们在一起？,[意]伊塔洛·卡尔维诺,译林出版社,,TheBaronintheTrees,吴正仪,2012年4月,280,30.00元,精装,卡尔维诺经典,9787544722803 
哭泣的骆驼,https://book.douban.com/subject/1029111/,8.9,沙漠中寻常的生与死,三毛,哈尔滨出版社,华文天下,,,2003年6月,222,15.80元,平装,三毛全集（华文天下2003版）,9787806399071 
看见,https://book.douban.com/subject/20427187/,8.8,在这里看见中国,柴静,广西师范大学出版社,理想国,,,2013年1月,405,39.80元,平装,,9787549529322 
灿烂千阳,https://book.douban.com/subject/2143732/,8.8,唯有希望与爱可以驱散阴霾,[美]卡勒德·胡赛尼,上海人民出版社,世纪文景,AThousandSplendidSuns,李继宏,2007年9月,428,28.00元,平装,卡勒德·胡赛尼作品,9787208072107 
邓小平时代,https://book.douban.com/subject/20424526/,9.2,个人命运背后的历史变局,[美]傅高义,生活·读书·新知三联书店,,DengXiaopingandtheTransformationofChina,冯克利,2013年1月,754,88.00元,平装,,9787108041531 
浪潮之巅,https://book.douban.com/subject/6709783/,9,了解IT领域的入门读物,吴军,电子工业出版社,Just-pub,,,2011年8月,584,55.00元,平装,,9787121139512 
台北人,https://book.douban.com/subject/5337248/,8.9,白先勇短篇小说集,白先勇,广西师范大学出版社,理想国,,,2010年10月,392,38.00元,精装,理想国·白先勇作品,9787563397648 
诗经,https://book.douban.com/subject/1883245/,9.4,思无邪,孔丘,北京出版社,,,,2006年7月,363,19.90元,平装,家庭书架·传世经典读库,9787200065039 
人间词话,https://book.douban.com/subject/1203426/,9,以新眼光评旧文学,王国维,上海古籍出版社,,,,1998年12月,78,9.80元,平装,蓬莱阁丛书,9787532524808 
西游记（全二册）,https://book.douban.com/subject/1029553/,8.9,神魔皆有人情，精魅亦通世故,吴承恩/校注黄肃秋,人民文学出版社,,,黄肃秋注释,2004年8月,1198,47.20元,平装,中国古典文学读本丛书,9787020008735 
永恒的终结,https://book.douban.com/subject/25829693/,9,关于时间旅行的终极奥秘和恢宏构想,[美]艾萨克·阿西莫夫,江苏凤凰文艺出版社,读客文化,TheEndofEternity,崔正男,2014年9月,264,32.00元,平装,读客外国小说文库：艾萨克·阿西莫夫作品,9787539957173 
窗边的小豆豆,https://book.douban.com/subject/1007914/,8.7,真正懂孩子的教育经,[日]黑柳彻子著/岩崎千弘图,南海出版公司,新经典文化,窓ぎわのトットちゃん,赵玉皎,2003年1月,288,20.00元,平装,新经典文库·巴学园,9787544222976 
悉达多,https://book.douban.com/subject/3406401/,9,在那最绝望的一刹那，他突然听到了生命之河永恒的声音……,[德]赫尔曼·黑塞/校注丁君君,上海人民出版社,世纪文景,,杨玉功译/丁君君校,2009年3月,157,20,平装,赫尔曼·黑塞作品系列,9787208081628 
爱你就像爱生命,https://book.douban.com/subject/3071717/,8.8,王小波与李银河的两地书,李银河/王小波,上海锦绣文章出版社,磨铁图书,,,2008年5月,222,18.00元,平装,王小波作品全集（磨铁2008版）,9787806859988 
一个叫欧维的男人决定去死,https://book.douban.com/subject/26672693/,9,这个发生在瑞典的故事，如生命庆典般绚丽斑斓,[瑞典]弗雷德里克·巴克曼,四川文艺出版社,大鱼读品,EnmansomheterOve,宁蒙,2015年12月,312,35.00元,平装,弗雷德里克·巴克曼作品,9787541142185 
我们仨,https://book.douban.com/subject/1023045/,8.7,家庭生活回忆录,杨绛,生活·读书·新知三联书店,,,,2003年7月,165,18.80元,平装,,9787108018809 
最好的告别,https://book.douban.com/subject/26576861/,9,关于衰老与死亡，你必须知道的常识,[美]阿图·葛文德,浙江人民出版社,湛庐文化,,王一方主编/彭小华,2015年7月,248,54.90元,平装,湛庐文化·心视界,9787213067792 
巨人的陨落,https://book.douban.com/subject/26698660/,8.9,五个家族，一场战争,[英]肯·福莱特,江苏凤凰文艺出版社,读客文化,FallofGiants,于大卫,2016年5月,1168,129.80元,平装,读客全球顶级畅销小说文库：肯·福莱特作品,9787539989891 
呼兰河传,https://book.douban.com/subject/1060852/,8.9,萧红的童年往事,萧红,百花文艺出版社,,,,2005年1月,271,19,平装,现代文学名著原版珍藏,9787530640470 
这些人，那些事,https://book.douban.com/subject/6388661/,8.8,平淡叙述下的惊心动魄,吴念真,译林出版社,,,,2011年9月,203,28.00元,平装,吴念真作品,9787544717731 
道德经,https://book.douban.com/subject/1059258/,9.4,中国历史上首部完整的哲学著作,黄元吉,陕西人民出版社,,,,1996年10月,121,4.50元,平装,中国传统文化精品丛书,9787224034813 
朝花夕拾,https://book.douban.com/subject/1449352/,8.8,在纷扰中寻出一点闲静,鲁迅,人民文学出版社,,,,1972年4月,92,0.25元,平装,鲁迅作品集,
海子的诗,https://book.douban.com/subject/1011754/,8.9,空,海子,人民文学出版社,,,,1999年4月,292,15.4,平装,蓝星诗库,9787020026456 
你当像鸟飞往你的山,https://book.douban.com/subject/33440205/,8.8,我来自一个极少有人能想象的家庭，教育给了我新世界,[美]塔拉·韦斯特弗,南海出版公司,新经典文化,,任爱红,2019年10月,388,59.00元,精装,,9787544276986 
教父,https://book.douban.com/subject/1092335/,9,“教父三部曲”电影原著,[美]马里奥·普佐,译林出版社,,TheGodfather,周汉林,1997年8月,493,23.30元,平装,名著译林,9787805674278 
唐诗三百首,https://book.douban.com/subject/1013267/,9.4,熟读唐诗三百首，不会吟诗也会吟,蘅塘退士/陈婉俊,中华书局,,,,1998年1月,229,0.65,平装,,9787101001105 
飞鸟集,https://book.douban.com/subject/1058661/,8.9,一个淡泊清透的世界,[印度]拉宾德拉纳特·泰戈尔,哈尔滨出版社,,,徐翰林,2004年6月,186,16.80元,平装,先知双语经典,9787806992197 
罗杰疑案,https://book.douban.com/subject/21371175/,9.2,空,[英]阿加莎·克里斯蒂,新星出版社,,TheMurderofRogerAckroyd,常禾,2013年3月,246,28.00元,平装,午夜文库·大师系列：阿加莎·克里斯蒂作品,9787513311236 
看不见的城市,https://book.douban.com/subject/1863930/,8.8,每一座城市都只在想象中耸立，又在描述中坍圮,[意]伊塔洛·卡尔维诺,译林出版社,,Lecittàinvisibili,张宓,2006年8月,166,16.00元,平装,卡尔维诺作品集,9787544700603 
斯通纳,https://book.douban.com/subject/26425831/,8.8,即使不能拥有完美的生活，所幸追求过完整的自我,[美]约翰·威廉斯,上海人民出版社,世纪文景,Stoner,杨向荣,2016年1月,336,49.00元,精装,约翰·威廉斯在文景,9787208130500 
鼠疫,https://book.douban.com/subject/24257229/,9.1,用别样的监禁生活再现某种监禁生活，与用不存在的事表现真事同等合理,(法)阿尔贝·加缪,上海译文出版社,,LaPeste,刘方,2013年8月,273,34.00元,,加缪作品,9787532761753 
人生的枷锁,https://book.douban.com/subject/2035171/,9,在混沌纷扰的生活漩流中，寻求人生的真谛,[英]威廉·萨默塞特·毛姆,上海译文出版社,,OfHumanBondage,张柏然/张增健/倪俊,2007年3月,672,32.00元,平装,译文名著文库,9787532741731 
鹿鼎记（全五册）,https://book.douban.com/subject/1212893/,8.8,武侠的解构，流氓的狂欢,金庸,广州出版社花城出版社,朗声图书,,,2008年3月,1821,108.00元,平装,金庸作品集（新修版·平装）,9787806553404 
边城,https://book.douban.com/subject/1057244/,8.7,一切充满了善，然而到处是不凑巧,沈从文/黄永玉/绘者卓雅,北岳文艺出版社,,,,2002年4月,174,12.00元,平装,沈从文作品(插图本),9787537823425 
梦里花落知多少,https://book.douban.com/subject/2070844/,8.8,哀而不伤,三毛,北京十月文艺出版社,青马文化,,,2007年6月,312,28.00元,精装,三毛集,9787530208922 
叫魂,https://book.douban.com/subject/10471333/,9,1768年中国妖术大恐慌,[美]孔飞力,生活·读书·新知三联书店上海三联书店,,,陈兼/刘昶,2012年5月,368,38.00元,平装,孔飞力著作集,9787108037909 
金色梦乡,https://book.douban.com/subject/5038409/,9,伊坂幸太郎代表作,[日]伊坂幸太郎,译林出版社,,ゴールデンスランバー,李彦桦,2010年9月,432,35.00元,精装,乐读文库,9787544713986 
时间简史,https://book.douban.com/subject/1034282/,8.8,探索时间和空间的核心秘密,[英]史蒂芬·霍金,湖南科学技术出版社,,ABriefHistoryofTime,许明贤/吴忠超,2010年4月,245,45.00元,平装,,9787535732309 
王尔德童话,https://book.douban.com/subject/1119839/,9.1,一颗纯美纯善、永难泯灭的童心,[爱尔兰]奥斯卡·王尔德,译林出版社,,ThetalesofOscarWilde,王林,2003年6月,129,6.00元,精装,译林少儿文库,9787805676104 
冬牧场,https://book.douban.com/subject/10522856/,9,阿勒泰的精灵,李娟,新星出版社,新经典文化,,,2012年6月,320,29.80元,平装,新经典文库：李娟作品,9787513305662 
陆犯焉识,https://book.douban.com/subject/6880158/,8.8,翻手为苍凉，覆手为繁华,[美]严歌苓,作家出版社,,,,2011年10月,415,35.00元,平装,,9787506360876 
美的历程,https://book.douban.com/subject/3410718/,9.2,中国美学经典之作,李泽厚,生活·读书·新知三联书店,,,,2009年1月,273,43.00元,精装,李泽厚集,9787108030375 
一个陌生女人的来信,https://book.douban.com/subject/2154960/,8.7,暗恋的极致,[奥地利]斯蒂芬·茨威格,上海译文出版社,,BriefeinerUnbekannten,张玉书,2007年7月,340,20.00元,平装,斯台芬·茨威格作品集,9787532741571 
人生的智慧,https://book.douban.com/subject/3261600/,9.2,对世俗、实用问题深刻而透彻的讨论,[德]阿图尔·叔本华,上海人民出版社,,,韦启昌,2008年10月,272,28.00元,平装,叔本华系列,9787208081178 
野草,https://book.douban.com/subject/1915958/,9.4,我以这一丛野草，在明与暗，生与死，过去与未来之际，献于友与仇，人与兽，爱者与不爱者之前作证。,鲁迅,人民文学出版社,,,,1973年3月,62,0.20元,平装,鲁迅作品集,
彷徨,https://book.douban.com/subject/1449348/,9,路漫漫其修远兮，吾将上下而求索,鲁迅,人民文学出版社,,,,1973年3月,162,0.37元,平装,鲁迅作品集,
孽子,https://book.douban.com/subject/5337254/,9.1,写给那一群， 在最深最深的黑夜里， 独自彷徨街头， 无所依归的孩子们,白先勇,广西师范大学出版社,理想国,,,1905年7月,552,46.00元,精装,理想国·白先勇作品,9787563397655 
献给阿尔吉侬的花束,https://book.douban.com/subject/26362836/,9.1,当声称能改造智能的科学实验选中心智障碍主角,[美]丹尼尔·凯斯,广西师范大学出版社,理想国,FlowersforAlgernon,陈澄和,2015年4月,288,36.00元,平装,,9787549565115 
孩子你慢慢来,https://book.douban.com/subject/4207781/,8.7,我们现在怎样做母亲,龙应台,生活·读书·新知三联书店,,,,2009年12月,138,28.00元,平装,龙应台作品精选,9787108033635 
史蒂夫·乔布斯传,https://book.douban.com/subject/6798611/,8.7,完美主义者的最高形态,[美]沃尔特·艾萨克森,中信出版社,,,管延圻/魏群/余倩/赵萌萌/汤崧,2011年10月,560,68.00元,平装,,9787508630069 
十万个为什么,https://book.douban.com/subject/2160556/,9.1,空,,少年儿童出版社,,,,1905年5月,14册,30.00元,平装,,
离开的，留下的,https://book.douban.com/subject/27104959/,8.7,探索中年的虚无、困惑、野心和近乎残暴的爱,[意]埃莱娜·费兰特,人民文学出版社,99读书人,Storiadichifuggeedichiresta,陈英,2017年10月,492,62,平装,那不勒斯四部曲,9787020132003 
國史大綱（上下）,https://book.douban.com/subject/1046492/,9.3,钱穆中国通史,钱穆,商務印書館,,,,2013年8月,914,76.00元,平装,钱穆学术著作,9787100017664 
苏菲的世界,https://book.douban.com/subject/2284311/,8.8,哲学启蒙书,[挪威]乔斯坦·贾德,作家出版社,,Sofiesverden,萧宝森,2007年10月,528,26.00元,平装,贾德名作系列,9787506341271 
爱的艺术,https://book.douban.com/subject/3026879/,8.8,谦恭地、勇敢地、真诚地和有纪律地爱他人,[美]艾·弗洛姆,上海译文出版社,99读书人,,李健鸣,2008年4月,144,15.00元,平装,译文心理,9787532745159 
昨日的世界,https://book.douban.com/subject/1062343/,9.2,一个高贵而残破的昨日镜像,[奥]斯蒂芬·茨威格,广西师范大学出版社,理想国,,舒昌善/孙龙生/刘春华/戴奎生,2004年5月,350,32.00元,平装,影响过一代人的书,9787563345809 
万水千山走遍,https://book.douban.com/subject/1036490/,8.8,从遥远的撒哈拉到敦煌戈壁,三毛,哈尔滨出版社,华文天下,,,2003年8月,215,13.8,平装,三毛全集（华文天下2003版）,9787806399057 
经济学原理（上下）,https://book.douban.com/subject/1028842/,9.1,经济学家们的世界观,[美]格里高里·曼昆,机械工业出版社,,,梁小民,2003年8月,323；410,88.00元,平装,,9787111126768 
我也有一个梦想,https://book.douban.com/subject/1014825/,9,在法治国家里，民众怎样运用法律,林达,生活·读书·新知三联书店,,,,2004年8月,428,25.00元,平装,林达作品系列,9787108012715 
九州·缥缈录,https://book.douban.com/subject/26613061/,8.8,一轴腥风血雨的乱世长卷，中国版《冰与火之歌》,江南,人民文学出版社,,,,2015年10月,1612,198.00元,平装,,9787020111459 
送你一颗子弹,https://book.douban.com/subject/4238362/,8.6,在这本书里，被“审视”的东西杂七杂八,刘瑜,上海三联书店,,,,2010年1月,339,25.00元,平装,刘瑜作品系列,9787542631664 
浮生六记,https://book.douban.com/subject/1088581/,8.8,苟不记之笔墨，未免有辜彼苍之厚,（清）沈复,人民文学出版社,,,,1999年1月,80,5.70元,平装,中国小说史料丛书,9787020028313 
绿毛水怪,https://book.douban.com/subject/3518332/,9,我们好象在池塘的水底，从一个月亮走向另一个月亮,王小波,时代文艺出版社,,,,2009年1月,322,30.00元,平装,时代文艺出版社王小波系列,9787538725230 
不能承受的生命之轻,https://book.douban.com/subject/4920007/,8.8,空,[捷克]米兰·昆德拉,上海译文出版社,,,许钧,2010年8月,394,29.00元,平装,米兰·昆德拉作品系列（2010版）,9787532751655 
情书,https://book.douban.com/subject/1080370/,8.6,一场同名同姓的误会，两段可贵的爱情,[日]岩井俊二,天津人民出版社,新经典文化,ラヴレター,穆晓芳,2004年7月,256,18.00元,平装,新经典文库·岩井俊二作品,9787201048161 
球状闪电,https://book.douban.com/subject/1192090/,8.7,量子之外，没有真相,刘慈欣,四川科学技术出版社,科幻世界,,,2005年6月,281,22.00元,平装,科幻世界·中国科幻基石丛书,9787536455382 
倾城之恋,https://book.douban.com/subject/1985223/,8.7,“一对平凡的夫妻”之间的“一点真心”,张爱玲,北京十月文艺出版社,青马文化,,,2006年12月,467,29.80元,精装,张爱玲集,9787530208656 
野火集,https://book.douban.com/subject/1426971/,8.8,中国人，你为什么不生气,龙应台,文汇出版社,,,,2005年8月,252,25.00元,平装,龙应台作品系列,9787806767245 
小径分岔的花园,https://book.douban.com/subject/25796120/,8.9,一个谜语，谜底正是时间,[阿根廷]博尔赫斯,上海译文出版社,,,王永年,2015年7月,102,23,平装,博尔赫斯全集,9787532762897 
亮剑,https://book.douban.com/subject/1088022/,8.9,面对强大的对手，明知不敌，也要毅然亮剑,都梁,解放军文艺出版社,,,,2005年3月,570,28.00元,平装,,9787503311864 
四世同堂,https://book.douban.com/subject/3183775/,9.3,北平沦陷时代广大平民的悲惨遭遇,老舍,北京十月文艺出版社,新经典文化,,,2008年7月,590,36.00元,精装,老舍集,9787530209226 
面纱,https://book.douban.com/subject/10560798/,8.7,揭去生活的面纱,[英]威廉·萨默塞特·毛姆,重庆,华章同人,ThePaintedVeil,阮景林,2012年5月,249,32.00元,精装,重现经典（精装）,9787229050238 
目送,https://book.douban.com/subject/3995526/,8.6,不必追,龙应台,生活·读书·新知三联书店,,,,2009年10月,281,39.00元,平装,龙应台作品精选,9787108032911 
银河系漫游指南,https://book.douban.com/subject/1394364/,8.8,一场穿越银河的冒险,[英]道格拉斯·亚当斯,四川科学技术出版社,科幻世界,TheHitchhiker'sGuidetotheGalaxy,徐百柯,2005年6月,191,16.00元,平装,世界科幻大师丛书,9787536457577 
亲爱的安德烈,https://book.douban.com/subject/3369793/,8.6,弭平代沟，跨越文化阻隔,龙应台/[德]安德烈,人民文学出版社,,,,2008年12月,288,26,平装,,9787020068616 
古文观止,https://book.douban.com/subject/1014561/,9.1,收录自先秦至明末的散文二百二十二篇,吴楚材/吴调侯,中华书局,,,,1987年1月,527,21.00元,平装,,9787101000290 
温柔的夜,https://book.douban.com/subject/2068249/,9.1,三毛在加纳利群岛的生活,三毛,北京十月文艺出版社,青马文化,,,2007年5月,294,28.00元,精装,三毛集,9787530208915 
我的阿勒泰,https://book.douban.com/subject/4884218/,8.8,描写疆北阿勒泰地区生活和风情的原生态散文集,李娟,云南人民出版社,英特颂,,,2010年7月,260,22.00元,平装,,9787222065413 
麦琪的礼物,https://book.douban.com/subject/1051193/,8.6,日常的奇迹,[美]欧·亨利,上海社会科学院出版社,99读书人,,张经浩,2003年7月,354,25.00元,平装,,9787806812297 
解忧杂货店,https://book.douban.com/subject/25862578/,8.5,现代人内心流失的东西，这家杂货店能帮你找回,[日]东野圭吾,南海出版公司,新经典文化,ナミヤ雑貨店の奇蹟,李盈春,2014年5月,291,39.50元,精装,新经典文库·东野圭吾作品,9787544270878 
故事,https://book.douban.com/subject/25976544/,9.2,材质、结构、风格和银幕剧作的原理,[美]罗伯特·麦基,天津人民出版社,果麦文化,Story,周铁东,2014年9月,521,68.00元,精装,,9787201088334 
激荡三十年,https://book.douban.com/subject/3151575/,8.6,中国企业1978—2008,吴晓波,中信出版社,,,,2008年7月,154,32.00元,平装,,9787508612102 
受戒,https://book.douban.com/subject/1760432/,9.3,江南乡镇民间生活，健康淳朴的人性,汪曾祺,漓江出版社,,,,1987年10月,573,3.95元,平装,作家自选集系列,9787540701758 
尼罗河上的惨案,https://book.douban.com/subject/1818347/,8.7,阿加莎·克里斯蒂代表作,[英]阿加莎·克里斯蒂,人民文学出版社,99读书人,DeathontheNile,宫英海,2006年5月,345,22.00元,平装,阿加莎·克里斯蒂侦探推理系列,9787020056088 
阿勒泰的角落,https://book.douban.com/subject/4881850/,9.1,白雪和阳光，青草和白桦林,李娟,万卷出版公司,万榕书业,,,2010年6月,272,25.00元,平装,,9787547010105 
霸王别姬,https://book.douban.com/subject/1088711/,9.1,人间，只是抹去了脂粉的脸,李碧华,人民文学出版社,,,,1999年1月,272,10.20元,平装,李碧华文集人民文学版,9787020028504 
渴望生活,https://book.douban.com/subject/3054821/,9.2,梵高悲惨而成就辉煌的人生,[美]欧文·斯通,北京十月文艺出版社,新经典文化,LustforLife,常涛,2008年4月,525,29.80元,平装,,9787530209127 
半生缘,https://book.douban.com/subject/1963684/,8.6,世钧，我们回不去了,张爱玲,北京十月文艺出版社,青马文化,,,2006年12月,372,28.00元,精装,张爱玲集,9787530208694 
罗生门,https://book.douban.com/subject/3136271/,8.7,人生，远比地狱更像地狱,[日]芥川龙之介,上海译文出版社,,羅生門,林少华,2008年7月,189,12.00元,平装,译文名著文库,9787532744756 
德米安,https://book.douban.com/subject/3578470/,9,少年辛克莱寻找通向自身之路的艰辛历程,[德]赫尔曼·黑塞,上海人民出版社,,,丁君君/谢莹莹,2009年3月,193,25.00元,平装,赫尔曼·黑塞作品系列,9787208081550 
社会心理学,https://book.douban.com/subject/1476651/,9,人们是如何思索、影响他人并与他人建立联系的,[美]戴维·迈尔斯,人民邮电出版社,,,张智勇/乐国安/侯玉波等,2006年1月,504,68.00元,平装,新曲线·心理学丛书,9787115138804 
我不知道该说什么，关于死亡还是爱情,https://book.douban.com/subject/25884880/,9,真实记录切尔诺贝利核灾难事件,S.A.阿列克谢耶维奇,花城出版社/铁葫芦图书,磨铁·铁葫芦,VoicesfromChernobyl,方祖芳/郭成业,2014年6月,280,34.80元,平装,,9787536071377 
枪炮、病菌与钢铁,https://book.douban.com/subject/1813841/,8.7,人类社会的命运,[美]贾雷德·戴蒙德,上海世纪出版集团,,,谢延光,2006年4月,460,45.00元,平装,世纪人文系列丛书·开放人文,9787532739233 
棋王,https://book.douban.com/subject/1020961/,8.8,我从未真正见过火，也未见过毁灭，更不知新生,阿城,作家出版社,,,,1999年10月,250,13,平装,阿城文集,9787506315975 
天朝的崩溃,https://book.douban.com/subject/1675478/,9.1,鸦片战争再研究,茅海建,生活·读书·新知三联书店,,,,2005年7月,600,32.00元,平装,,9787108022943 
失明症漫记,https://book.douban.com/subject/20428302/,9.1,失明症迅速蔓延，整个城市陷入一场空前的灾难,(葡)若泽·萨拉马戈,南海出版公司,新经典文化,EnsaiosobreaCegueira,范维信,2014年2月,281,29.5,平装,新经典文库：若泽·萨拉马戈作品,9787544264112 
万物有灵且美,https://book.douban.com/subject/4187411/,8.8,活泼的生命完全无须借助魔法，便能对我们述说至美至真的故事,[英]吉米·哈利,中国城市出版社,,AllThingsBrightandBeautiful,种衍伦,2010年1月,298,28.8,平装,吉米·哈利“万物”系列,9787507421774 
罪与罚,https://book.douban.com/subject/1858568/,9.1,描绘人内心的全部深度,[俄]费奥多尔·陀思妥耶夫斯基,上海译文出版社,,Преступлениеинаказание,岳麟,2006年8月,471,23.00元,平装,译文名著文库,9787532740079 
最好的我们,https://book.douban.com/subject/24754316/,8.7,耿耿余淮,八月长安,湖南文艺出版社,博集天卷,流水混账,,2013年8月,560,55,套装,“振华”系列,9787540462642 
总统是靠不住的,https://book.douban.com/subject/1056315/,8.8,美国政治法律制度的基本原理和操作细节,林达,生活·读书·新知三联书店,,,,2004年8月,428,21.8,平装,林达作品系列,9787108011367 
人间草木,https://book.douban.com/subject/1253310/,9,我就是要这样香，香得痛痛快快,汪曾祺,江苏文艺出版社,,,,2005年1月,315,20.00元,平装,大家散文文存,9787539921969 
我的天才女友,https://book.douban.com/subject/26878124/,8.5,“那不勒斯四部曲”第一部，两个女人，50年的友谊和战争,[意]埃莱娜·费兰特,人民文学出版社,99读书人,L'amicageniale,陈英,2017年1月,330,42.00元,平装,那不勒斯四部曲,9787020120130 
顾城的诗,https://book.douban.com/subject/1033825/,8.8,火焰是我们诗歌唯一的读者,顾城,人民文学出版社,,,,1998年12月,403,20,平装,蓝星诗库,9787020025862 
全球通史,https://book.douban.com/subject/10583099/,9.1,从史前史到21世纪,(美)斯塔夫里阿诺斯,北京大学出版社,,,吴象婴/梁赤民/董书慧/王昶,2012年2月,833,168.00元,精装,,9787301204689 
民主的细节,https://book.douban.com/subject/3813669/,8.6,公民养成手册,刘瑜,上海三联书店,,,,2009年6月,293,25,平装,刘瑜作品系列,9787542629586 
上学记,https://book.douban.com/subject/1859140/,8.9,20世纪中国知识分子的心灵史,何兆武/文靖,生活·读书·新知三联书店,,,,2006年8月,287,19.80元,平装,,9787108025104 
荆棘鸟,https://book.douban.com/subject/1086249/,8.6,澳洲乱世情,[澳]考琳·麦卡洛,译林出版社,,TheThornBirds,曾胡,1998年7月,677,28.00元,精装,名著译林,9787805678313 
倚天屠龙记(共四册),https://book.douban.com/subject/1070851/,8.6,不识张郎是张郎,金庸,三联书店,,,,1999年4月,1335,47,平装,金庸作品集（三联口袋本）,9787108012692 
茶馆,https://book.douban.com/subject/1036613/,9,清末、民初、抗战胜利以后三个历史时期的北京生活风貌,老舍,人民文学出版社,,,,2002年1月,142,9.80元,平装,大学生必读,9787020036509 
一句顶一万句,https://book.douban.com/subject/3633461/,8.7,一句胜过千年,刘震云,长江文艺出版社,长江新世纪,,,2009年3月,362,29.8,精装,刘震云作品,9787535439765 
雨季不再来,https://book.douban.com/subject/2136140/,8.7,三毛少女时代的成长感受,三毛,北京十月文艺出版社,青马文化,,,2007年7月,294,28.00元,精装,三毛集,9787530208960 
草房子,https://book.douban.com/subject/1052990/,9,男孩桑桑刻骨铭心、终身难忘的六年小学生活,曹文轩,江苏少年儿童出版社,,,,2009年6月,296,18.00元,平装,曹文轩纯美小说系列,9787534618727 
一千零一夜,https://book.douban.com/subject/1035848/,8.7,阿拉伯地区的古代民间传说,,人民文学出版社,,,纳川,2003年1月,560,22,平装,名著名译插图本,9787020040346 
雷雨,https://book.douban.com/subject/1013416/,8.6,一幕人生大悲剧，在一个雷雨夜爆发,曹禺,人民文学出版社,,,,1999年5月,188,9.2,平装,中国现代名剧丛书,9787020018567 
正见,https://book.douban.com/subject/1963912/,8.8,佛陀的证悟,[不丹]宗萨蒋扬钦哲仁波切,中国友谊出版公司,,AlmostBuddhist/近乎佛教徒,姚仁喜,2007年1月,168,25.00元,平装,,9787505722453 
此生未完成,https://book.douban.com/subject/6397275/,8.9,一个母亲、妻子、女儿的生命日记,于娟,湖南科技出版社,,,,2011年5月,248,26.00元,平装,,9787535766779 
青铜时代,https://book.douban.com/subject/1085883/,8.7,唐人传奇贯注现代情趣,王小波,花城出版社,,,,1997年5月,625,29.00元,平装,王小波《时代三部曲》,9787536025103 
认识电影,https://book.douban.com/subject/2326403/,8.9,电影入门经典之作,[美]路易斯·贾内梯/[瑞典]英格玛·伯格曼[日]黑泽明等供图,世界图书出版公司,后浪,,焦雄屏,2007年11月,484,68.00元,平装,,9787506287081 
从一到无穷大,https://book.douban.com/subject/1102715/,9.1,科学中的事实和臆测,[美]乔治·伽莫夫/校注吴伯泽,科学出版社,,OneTwoThree...Infinity,暴永宁译/吴伯泽校,2002年11月,329,29.00元,平装,20世纪科普经典特藏（中译本）,9787030107596 
海风中失落的血色馈赠,https://book.douban.com/subject/26357614/,9.1,男女之间、父母与子女之间紧密的纽带和难以逾越的鸿沟,[加拿大]阿利斯泰尔·麦克劳德,上海文艺出版社,99读书人,TheLostSaltGiftofBlood,陈以侃,2015年6月,163,CNY20.00,平装,短经典,9787532156825 
孙子兵法,https://book.douban.com/subject/1949420/,9.4,我国最古老最杰出的一部兵书,孙武,上海古籍出版社,,,郭化若,2006年7月,175,20.00元,平装,,9787532544400 
一桩事先张扬的凶杀案,https://book.douban.com/subject/24382569/,8.7,我如此急切地想要讲述这桩案件，也许是它最终确定了我的作家生涯,[哥伦比亚]加西亚·马尔克斯,南海出版公司,新经典文化,Crónicadeunamuerteanunciada,魏然,2013年6月,144,25.00元,精装,新经典文库：加西亚·马尔克斯作品,9787544266123 
水浒传（全二册）,https://book.douban.com/subject/1008357/,8.6,替天行道,罗贯中/施耐庵,人民文学出版社,,,,1997年1月,1314,50.60元,平装,中国古典文学读本丛书,9787020008742 
理想国,https://book.douban.com/subject/1004821/,8.8,人类历史上最早的乌托邦,柏拉图,商务印书馆,,Πολιτεία,郭斌和/张竹明,1986年8月,448,28.00元,平装,汉译世界学术名著丛书·哲学,9787100017565 
牧羊少年奇幻之旅,https://book.douban.com/subject/3608208/,8.5,你自己就是最大的宝藏,[巴西]保罗·柯艾略,南海出版公司,新经典文化,OAlquimista,丁文林,2009年3月,217,25.00元,精装,新经典文库·保罗·柯艾略作品,9787544244190 
繁花,https://book.douban.com/subject/22714154/,8.7,海上繁花，请静观静读,金宇澄,上海文艺出版社,,,,2013年3月,444,48.00元,平装,,9787532148004 
圣经,https://book.douban.com/subject/1803022/,9,上帝说，要有光,,中国基督教协会,,,中国基督教协会,1905年6月,,,精装,,
银河帝国：基地七部曲,https://book.douban.com/subject/26389895/,9.5,阿西莫夫经典科幻小说,[美]艾萨克·阿西莫夫,江苏凤凰文艺出版社,读客文化,,叶李华,2015年10月,2888,328.00元,平装,读客外国小说文库：艾萨克·阿西莫夫作品,9787539983356 
火星救援,https://book.douban.com/subject/26586492/,8.9,跟火星来一场不是你死就是我活的过家家游戏,[美]安迪·威尔,译林出版社,,TheMartian,陈灼,2015年10月,428,38,平装,安迪·威尔作品,9787544757225 
你一生的故事,https://book.douban.com/subject/26295448/,8.7,特德·姜科幻小说集,[美]特德·姜,译林出版社,,StoriesofYourLifeandOthers,李克勤/王荣生/姚向辉,2015年5月,292,36.00元,精装,特德·姜科幻作品,9787544752473 
棋王·树王·孩子王,https://book.douban.com/subject/26734559/,9.2,空,阿城,江苏文艺出版社,,,,2016年3月,200,58,精装,阿城文集（精装）,9787539979359 
黑客与画家,https://book.douban.com/subject/6021440/,8.7,硅谷创业之父Paul Graham文集,[美]保罗·格雷厄姆,人民邮电出版社,图灵教育,,阮一峰,2011年4月,264,49.00元,平装,,9787115249494 
中国哲学简史,https://book.douban.com/subject/1021273/,8.9,中国哲学入门书,冯友兰,新世界出版社,,AShortHistoryofChinesePhilosophy,赵复三,2004年1月,302,38.00元,平装,,9787801872166 
庄子,https://book.douban.com/subject/2046236/,9.4,野马也，尘埃也，生物之以息相吹也,孙通海译注/方勇译注,中华书局,,,方勇译注,2007年4月,389,20.00元,平裝32开,中华经典藏书,9787101055207 
金锁记,https://book.douban.com/subject/3017857/,8.6,一个小商人家庭出身的女子曹七巧的心灵变迁历程,张爱玲,哈尔滨出版社,,,,2005年6月,172,13.5元,平装,,9788781074519 
额尔古纳河右岸,https://book.douban.com/subject/3311253/,9,东北少数民族鄂温克人生存现状及百年沧桑,迟子建,北京十月文艺出版社,,,,2005年12月,262,29.00元,平装,,9787530209936 
巨流河,https://book.douban.com/subject/4842446/,8.7,两代人从巨流河到哑口海的故事,齐邦媛,生活·读书·新知三联书店,,,,2010年10月,398,39.00元,平装,,9787108034731 
强风吹拂,https://book.douban.com/subject/26210487/,9,明明这么痛苦，这么难过，为什么就是不能放弃跑步？,三浦紫苑,广西师范大学出版社,理想国,风が强く吹いている,林佩瑾/李建铨/杨正敏,2015年1月,434,39.00元,平装,,9787549559671 
张爱玲文集,https://book.douban.com/subject/1004992/,8.9,空,张爱玲,安徽文艺出版社,,,,1992年,4册,45元,平装,,9787539605951 
众病之王,https://book.douban.com/subject/20507206/,9.1,癌症传,[美]悉达多·穆克吉,中信出版社,,,李虎,2013年2月,525,42.00元,平装,,9787508638119 
简爱（英文全本）,https://book.douban.com/subject/1141406/,8.5,灰姑娘在十九世纪,[英]夏洛蒂·勃朗特,世界图书出版公司,,JaneEyre,,2003年11月,436,18.00元,平装,名著典藏,9787506261579 
恶意,https://book.douban.com/subject/3646172/,8.4,将手记体叙事的无限可能发挥得淋漓尽致,[日]东野圭吾,南海出版公司,新经典文化,悪意,娄美莲,2009年6月,264,18,平装,新经典文库·东野圭吾作品,9787544244428 
象棋的故事,https://book.douban.com/subject/2158684/,9.1,纳粹法西斯对人心灵的折磨及摧残,[奥地利]斯蒂芬·茨威格,上海译文出版社,,,张玉书,2007年7月,387,23.00元,平装,斯台芬·茨威格作品集,9787532741601 
设计中的设计,https://book.douban.com/subject/1941558/,8.6,日常生活的无限可能性,[日]原研哉,山东人民出版社,,DESIGNINGDESIGN,朱锷,2006年11月,212,48.00元,平装,,9787209041065 
故事新编,https://book.douban.com/subject/2046909/,9.2,拾取古代传说，取一点因由，随意点染,鲁迅,人民文学出版社,,,,1973年12月,129,0.31元,平装,鲁迅作品集,
ZOO,https://book.douban.com/subject/2297697/,8.6,噩梦中的一丝温度,[日]乙一,当代世界出版社,,,李颖秋,2007年10月,319,20.00元,平装,乐读文库,9787509002780 
毛姆短篇小说精选集,https://book.douban.com/subject/10774752/,9,在各种光怪陆离的场景中，迷失的人性引发了一连串的悲剧,(英)威廉·萨默塞特·毛姆,译林出版社,,,冯亦代/傅惟慈/陆谷孙,2012年11月,477,36.00元,精装,,9787544728669 
夏洛的网,https://book.douban.com/subject/1036274/,8.6,一个蜘蛛和小猪的故事，写给孩子，也写给大人,[美]E·B·怀特,上海译文出版社,,Charlotte'sWeb,任溶溶,2004年5月,176,17.00元,平装,译文经典（平装本）,9787532733415 
荒原狼,https://book.douban.com/subject/3131626/,9,“超现实主义”风格作品，德国的《尤利西斯》,[德]赫尔曼·黑塞,上海译文出版社,,,赵登荣/倪诚恩,2008年7月,193,13,平装,译文名著文库,9787532744800 
论语,https://book.douban.com/subject/1964774/,9.1,仁远乎哉？我欲仁，斯仁至矣,,中华书局,,,,2006年12月,191,9.80元,平装,传世经典文白对照,9787101054187 
世界尽头与冷酷仙境,https://book.douban.com/subject/1291809/,8.6,交叉平行蒙太奇,[日]村上春树,上海译文出版社,,世界の終りとハードボイルド・ワンダーランド,林少华,2002年12月,450,23.00元,平装,村上春树文集（2001版）,9787532730001 
步履不停,https://book.douban.com/subject/26963321/,8.7,人生路上，步履不停，总有那么一点来不及,[日]是枝裕和,北京联合出版公司,,歩いても、歩いても,郑有杰,2017年5月,236,36.80元,平装,是枝裕和人间三部曲,9787550297685 
稻草人手记,https://book.douban.com/subject/3607117/,8.9,三毛在加纳利群岛上的生活,三毛,北京十月文艺出版社,青马文化,,,2009年3月,217,18.00元,平装,三毛全集（2009版）,9787530209691 
当呼吸化为空气,https://book.douban.com/subject/26896859/,8.8,你在死亡中探究生命的意义，你见证生前的呼吸化作死后的空气,[美]保罗·卡拉尼什,猫头鹰文化·浙江文艺出版社,猫头鹰文化,WhenBreathBecomesAir,何雨珈,2016年12月,256,48.00元,精装,,9787533946562 
人类的群星闪耀时,https://book.douban.com/subject/1083762/,8.7,十四个影响人类文明的瞬间,[奥地利]斯蒂芬·茨威格,广西师范大学出版社,理想国,,舒昌善,2004年8月,231,18.00元,平装,影响过一代人的书,9787563349128 
佐贺的超级阿嬷,https://book.douban.com/subject/2008284/,8.7,乐观的外婆却总有神奇的办法,[日]岛田洋七,南海出版公司,新经典文化,,陈宝莲,2007年3月,256,20.00元,平装,新经典文库·巴学园,9787544234726 
狂热分子,https://book.douban.com/subject/3057556/,8.9,探讨群众运动的共有特征,[美]埃里克·霍弗,广西师范大学出版社,理想国,,梁永安,2011年6月,207,34.00元,精装,理想国人文精选,9787563374625 
二手时间,https://book.douban.com/subject/26704403/,8.8,用最为细小的马赛克拼出了一幅完整的后苏联时代图景,[白俄]S.A.阿列克谢耶维奇,中信出版集团,,Времясекондхэнд,吕宁思,2016年1月,592,55.00元,平装,S.A.阿列克谢耶维奇作品,9787508658346 
香水,https://book.douban.com/subject/1292416/,8.5,每一次谋杀只因迷恋她们身上的味道,[德]帕·聚斯金德,上海译文出版社,,DasParfum.DieGeschichteeinesMörders,李清华,2005年5月,235,20.00元,平装,译文经典（平装本）,9787532736201 
挪威的森林,https://book.douban.com/subject/2159042/,8.5,像喜欢春天的熊一样,[日]村上春树,上海译文出版社,,ノルウェイの森,林少华,2007年7月,384,23.00元,平装,村上春树文集,9787532742929 
多情剑客无情剑(上、中、下),https://book.douban.com/subject/1422833/,8.7,流水滔滔斩不断，情丝百结冲不破,古龙,海天出版社,,,,1991年12月,991,49.8,平装,,9787806152614 
社会契约论,https://book.douban.com/subject/1277981/,8.8,一个国家只能有一个契约,卢梭,商务印书馆,,DuContratSocial,何兆武,2003年2月,197,18.00元,平装,汉译世界学术名著丛书·政治法律社会,9787100037259 
影响力,https://book.douban.com/subject/1786387/,8.6,营销防骗指南,[美]罗伯特·西奥迪尼,中国人民大学出版社,湛庐文化,,陈叙,2006年5月,353,45.00元,平装,湛庐文化·商业智慧,9787300072487 
牡丹亭,https://book.douban.com/subject/1073708/,9,不到园林，怎知春色如许,汤显祖,人民文学出版社,,,,1963年4月,292,14.50元,平装,中国古典文学读本丛书,9787020015092 
金阁寺,https://book.douban.com/subject/3391248/,8.7,他的犯罪动机是对美的嫉妒,[日]三岛由纪夫,上海译文出版社,,金閣寺,唐月梅,2009年1月,227,24,平装,三岛由纪夫作品系列,9787532744565 
世界的凛冬,https://book.douban.com/subject/26957760/,8.8,我亲眼目睹，每一个迈向死亡的生命都在热烈地生长,[英]肯·福莱特,江苏凤凰文艺出版社,读客文化,WinteroftheWorld,陈杰,2017年3月,1168,132.00（全三册）,平装,读客全球顶级畅销小说文库：肯·福莱特作品,9787539999074 
美丽新世界,https://book.douban.com/subject/1321789/,8.7,最经典的反乌托邦文学之一,[英]阿道司·赫胥黎,重庆出版社,,BraveNewWorld,王波,2005年6月,255,20.00元,平装,重现经典,9787536671805 
老人与海,https://book.douban.com/subject/1064275/,8.4,正是悲壮赋予生活以意义,[美]欧内斯特·海明威,上海译文出版社,,TheOldManandtheSea,吴劳,1999年10月,104,8.20元,平装,,9787532723447 
了不起的盖茨比,https://book.douban.com/subject/10738023/,8.7,空,[美]弗·司各特·菲茨杰拉德,南海出版公司,新经典文化,TheGreatGatsby,邓若虚,2012年5月,197,25.00元,精装,新经典文库：桂冠文丛,9787544258661 
哈姆莱特,https://book.douban.com/subject/1006197/,8.6,生存还是毁灭，这是一个值得思考的问题,[英]威廉·莎士比亚,人民文学出版社,,Hamlet,朱生豪,2001年1月,125,7.00元,平装,大学生必读,9787020035946 
告白,https://book.douban.com/subject/4836682/,8.5,空,[日]凑佳苗/湊かなえ,哈尔滨出版社,,,丁世佳,2010年6月,181,26.00元,精装,,9787548401087 
安娜·卡列尼娜,https://book.douban.com/subject/2253380/,9.2,空,[俄]列夫·托尔斯泰,上海文艺出版社,,Annakarenina,草婴,2007年8月,788,37.00元,平装,世界十大文学名著,9787532132256 
别闹了，费曼先生,https://book.douban.com/subject/1037602/,8.9,科学顽童的故事,[美]理查德·费曼,生活·读书·新知三联书店,,“SurelyYou’reJokingMr.Feynman!”-AdventuresofaCuriousCharacter,吴程远,1997年12月,449,22,平装,科学人文,9787108011114 
通往奴役之路,https://book.douban.com/subject/1077528/,8.8,古典自由主义杰作,(英)弗里德利希·奥古斯特·哈耶克,中国社会科学出版社,,TheRoadtoSerfdom,王明毅/冯兴元,1997年8月,247,16,精装,西方现代思想丛书,9787500421368 
规训与惩罚,https://book.douban.com/subject/1012307/,9.2,伴随着惩罚的人性化，自由反而日益丧失了,[法]米歇尔·福柯,生活·读书·新知三联书店,,Surveilleretpunir,刘北成/杨远婴,2003年1月,377,21.80元,平装,学术前沿,9787108017949 
骆驼祥子,https://book.douban.com/subject/1043815/,8.4,旧中国老北京贫苦市民的典型命运,老舍,人民文学出版社,,,,2000年3月,224,12,平装,,9787020028115 
欢乐英雄,https://book.douban.com/subject/1264579/,8.8,坚持自己的信念，在贫穷中获得欢乐与友谊,古龙,珠海出版社,,,,2005年8月,616,28.00元,平装,古龙作品集,9787806070628 
一个人的村庄,https://book.douban.com/subject/1692648/,8.9,他是真正的作家，也是真正的农民,刘亮程,春风文艺出版社,,,,2006年1月,280,28.00元,平装,,9787531329329 
美国宪政历程,https://book.douban.com/subject/1144185/,9.1,25个案例异彩纷呈，美国宪政的酸甜苦辣尽在其中,任东来/陈伟/白雪峰,中国法制出版社,,,,2014年1月,612,35.00元,平装,,9787801821386 
长袜子皮皮,https://book.douban.com/subject/1004088/,9,空,[瑞典]阿斯特丽德·林格伦,中国少年儿童出版社,,,李之义,1999年3月,288,17.80元,精装,文学大师林格伦作品集,9787500742586 
海底两万里,https://book.douban.com/subject/1085470/,8.5,你听说过鹦鹉螺号吗？,[法]儒勒·凡尔纳,译林出版社,,,沈国华/钱培鑫/曹德明,2002年9月,414,19.50元,精装,译林少儿文库,9787806574317 
2001太空漫游,https://book.douban.com/subject/2340609/,9.1,科幻三巨头之一阿瑟·克拉克代表作,[英]阿瑟·克拉克,上海人民出版社,,,郝明义,2007年11月,279,28.00元,平装,太空漫游,9787208074002 
尘埃落定,https://book.douban.com/subject/1080309/,8.5,一个傻子的土司家族传奇,阿来,人民文学出版社,,,,1998年3月,408,22,平装,茅盾文学奖获奖书系,9787020033645 
长夜难明,https://book.douban.com/subject/26923390/,8.5,空,紫金陈,云南人民出版社,浦睿文化,,,2017年1月,288,42.00元,平装,推理之王,9787222143975 
西方哲学史（上卷）,https://book.douban.com/subject/1008189/,8.9,西方哲学史及其与从古代到现代的政治、社会情况的联系,伯特兰·罗素,商务印书馆,,AHistoryofWesternPhilosophy,何兆武/李约瑟,1963年9月,590,25,平装,汉译世界学术名著丛书·哲学,9787100004824 
社会性动物,https://book.douban.com/subject/2328458/,9.1,美国社会心理学的《圣经》,[美]埃利奥特·阿伦森,华东师范大学出版社,,,邢占军,2007年12月,379,45.00元,平装,当代心理科学名著译丛,9787561756638 
批评官员的尺度,https://book.douban.com/subject/6401128/,8.9,新闻自由史上的里程碑案件：《纽约时报》诉沙利文案,[美]安东尼·刘易斯,北京大学出版社,,,何帆,2011年7月,356,32.00元,平装,,9787301188736 
过于喧嚣的孤独,https://book.douban.com/subject/6781794/,8.8,我为它而活着，并为写它推迟了我的死亡,(捷克)赫拉巴尔,北京十月文艺出版社,新经典文化,Přílišhlučnasamota,杨乐云,2011年10月,120,22.00元,精装,,9787530211571 
不存在的骑士,https://book.douban.com/subject/6789551/,8.9,空,[意]伊塔洛·卡尔维诺,译林出版社,,IlCavaliereInesistente,吴正仪,2012年4月,138,22.00元,精装,卡尔维诺经典,9787544722797 
娱乐至死,https://book.douban.com/subject/1062193/,8.5,一切公众话语都日渐以娱乐的方式出现，一切文化内容都成为娱乐的附庸,[美]尼尔·波兹曼,广西师范大学出版社,理想国,AmusingOurselvestoDeath,章艳,2011年6月,188,29.80元,精装,理想国人文精选,9787563344970 
如父如子,https://book.douban.com/subject/27611824/,8.9,空,[日]是枝裕和/[日]佐野晶,湖南文艺出版社,,,丹勇,2018年4月,298,49.8,精装,,9787540484651 
心理学与生活,https://book.douban.com/subject/1032501/,8.8,是教科书，也是通俗易懂的好读物,[美]理查德·格里格/[美]菲利普·津巴多,人民邮电出版社,,,王垒/王甦等,2003年10月,621,88.00元,平装,新曲线·心理学丛书,9787115111302 
